-- phpMyAdmin SQL Dump
-- version 4.9.0.1
-- https://www.phpmyadmin.net/
--
-- Host: 127.0.0.1
-- Generation Time: Oct 21, 2019 at 10:57 PM
-- Server version: 10.4.6-MariaDB
-- PHP Version: 7.3.9

SET SQL_MODE = "NO_AUTO_VALUE_ON_ZERO";
SET AUTOCOMMIT = 0;
START TRANSACTION;
SET time_zone = "+00:00";


/*!40101 SET @OLD_CHARACTER_SET_CLIENT=@@CHARACTER_SET_CLIENT */;
/*!40101 SET @OLD_CHARACTER_SET_RESULTS=@@CHARACTER_SET_RESULTS */;
/*!40101 SET @OLD_COLLATION_CONNECTION=@@COLLATION_CONNECTION */;
/*!40101 SET NAMES utf8mb4 */;

--
-- Database: `snack`
--

-- --------------------------------------------------------

--
-- Table structure for table `categories`
--

CREATE TABLE `categories` (
  `cat_id` int(100) NOT NULL,
  `cat_title` text NOT NULL
) ENGINE=InnoDB DEFAULT CHARSET=utf8mb4;

--
-- Dumping data for table `categories`
--

INSERT INTO `categories` (`cat_id`, `cat_title`) VALUES
(1, 'ข้าวโพดคั่ว'),
(2, 'ปลาเส้น'),
(3, 'สาหร่ายปรุงรส/ เห็ดทอดกรอบปรุงรส'),
(4, 'ข้าวเกรียบ'),
(5, 'ปลาแผ่นปรุงรส'),
(6, 'ถั่ว และเมล็ดธัญพืชปรุงรส'),
(7, 'ขนมขบเคี้ยวอื่นๆ'),
(8, 'ขนมอบ/ ทอดกรอบ');

-- --------------------------------------------------------

--
-- Table structure for table `logs`
--

CREATE TABLE `logs` (
  `log_id` int(11) NOT NULL,
  `login_id` int(11) NOT NULL,
  `action` varchar(100) NOT NULL,
  `date` datetime NOT NULL
) ENGINE=InnoDB DEFAULT CHARSET=utf8mb4;

--
-- Dumping data for table `logs`
--

INSERT INTO `logs` (`log_id`, `login_id`, `action`, `date`) VALUES
(1, 1, 'admin ได้ทำการเพิ่มสินค้าใหม่ชื่อว่า [ปากกา] จำนวน (50)', '2019-10-21 02:36:56'),
(3, 1, 'admin ได้ทำการเพิ่มสินค้าใหม่ชื่อว่า [Kong] จำนวน (10)', '2019-10-21 04:07:04'),
(4, 1, 'admin ได้ทำการเพิ่มสินค้าใหม่ชื่อว่า [ทาโร ปลาสวรรค์ รสเข้มข้น] จำนวน (100)', '2019-10-21 14:59:06'),
(5, 128, 'isamude203 ได้ทำการเพิ่มสินค้าใหม่ชื่อว่า [โตโร ข้าวโพดอบกรอบ] จำนวน (10)', '2019-10-21 15:25:32'),
(6, 127, 'adminnon ได้ทำการเพิ่มสินค้าใหม่ชื่อว่า [เจพี ฟู๊ดเฮ้าส์ ขนมตุ๊บตั๊บทุเรียน] จำนวน (20)', '2019-10-21 15:28:41'),
(7, 127, 'adminnon ได้ทำการเพิ่มสินค้าใหม่ชื่อว่า [เจพี ฟู๊ดเฮ้าส์ ขนมตุ๊บตั๊บมะพร้าว] จำนวน (20)', '2019-10-21 15:29:35'),
(8, 127, 'adminnon ได้ทำการเพิ่มสินค้าใหม่ชื่อว่า [เบอเก้น คุกกี้โอ๊ต ผสมแครนเบอรี่] จำนวน (20)', '2019-10-21 15:30:22'),
(9, 128, 'isamude203 ได้ทำการเพิ่มสินค้าใหม่ชื่อว่า [โตโร ข้าวโพดอลเนยคาราเมล] จำนวน (10)', '2019-10-21 15:31:00'),
(10, 127, 'adminnon ได้ทำการเพิ่มสินค้าใหม่ชื่อว่า [เบอเก้น คุกกี้โอ๊ต ผสมดาร์กช็อกโกแลต 135 ก.] จำนวน (20)', '2019-10-21 15:31:14'),
(11, 127, 'adminnon ได้ทำการเพิ่มสินค้าใหม่ชื่อว่า [ปิ่นเพชร มะขามไร้เมล็ด] จำนวน (20)', '2019-10-21 15:32:07'),
(12, 128, 'isamude203 ได้ทำการเพิ่มสินค้าใหม่ชื่อว่า [คอร์นพัฟฟ์ ข้าวโพดอบกรอบ รสดั้งเดิม] จำนวน (10)', '2019-10-21 15:32:16'),
(13, 127, 'adminnon ได้ทำการเพิ่มสินค้าใหม่ชื่อว่า [ไฮโซ ดักแด้อบกรอบ รสดั้งเดิม] จำนวน (30)', '2019-10-21 15:33:16'),
(14, 128, 'isamude203 ได้ทำการเพิ่มสินค้าใหม่ชื่อว่า [ปอปซีเคร์ต (POP SECRET) เมล็ดข้าวโพดปอปซีเคร์ต] จำนวน (10', '2019-10-21 15:33:36'),
(15, 127, 'adminnon ได้ทำการเพิ่มสินค้าใหม่ชื่อว่า [โลตัส ขนมรูปน่องไก่ รสแซ่บซี้ด] จำนวน (20)', '2019-10-21 15:33:42'),
(16, 128, 'isamude203 ได้ทำการเพิ่มสินค้าใหม่ชื่อว่า [โตโร ข้าวโพด รสคาราชีส] จำนวน (10)', '2019-10-21 15:34:22'),
(17, 127, 'adminnon ได้ทำการเพิ่มสินค้าใหม่ชื่อว่า [ไฮโซ ดักแด้อบกรอบ รสบาร์บีคิว] จำนวน (20)', '2019-10-21 15:34:24'),
(18, 128, 'isamude203 ได้ทำการเพิ่มสินค้าใหม่ชื่อว่า [โตโร ข้าวโพดคลุกน้ำตาลเนยผสมอัลมอนด์] จำนวน (10)', '2019-10-21 15:35:05'),
(19, 127, 'adminnon ได้ทำการเพิ่มสินค้าใหม่ชื่อว่า [บิ๊กซี ขนมขาไก่ รสทรงเครื่อง ] จำนวน (20)', '2019-10-21 15:35:05'),
(20, 127, 'adminnon ได้ทำการเพิ่มสินค้าใหม่ชื่อว่า [ปาร์ตี้ บานาน่า ช็อกโก ] จำนวน (10)', '2019-10-21 15:35:39'),
(21, 128, 'isamude203 ได้ทำการเพิ่มสินค้าใหม่ชื่อว่า [ป๊อปซีเคร็ต เมล็ดข้าวโพดดิบสำหรับไมโครเวฟ รสเนย] จำนวน (1', '2019-10-21 15:35:56'),
(22, 127, 'adminnon ได้ทำการเพิ่มสินค้าใหม่ชื่อว่า [ออง-เทร่ หมูอบปรุงรส รสคลาสสิก] จำนวน (20)', '2019-10-21 15:36:13'),
(23, 1, 'admin ได้ทำการเพิ่มสินค้าใหม่ชื่อว่า [ทาโร ปลาสวรรค์ รสสาหร่ายเกาหลี] จำนวน (100)', '2019-10-21 15:50:18'),
(24, 127, 'adminnon ได้ทำการเพิ่มสินค้าใหม่ชื่อว่า [อองเทร่ หมูแผ่นบาร์บีคิวอบกรอบ รสน้ำพริกเผา] จำนวน (20)', '2019-10-21 15:51:02'),
(25, 127, 'adminnon ได้ทำการเพิ่มสินค้าใหม่ชื่อว่า [อองเทร่ แคบหมูทอดกรอบ รสดั้งเดิม] จำนวน (10)', '2019-10-21 15:51:35'),
(26, 128, 'isamude203 ได้ทำการเพิ่มสินค้าใหม่ชื่อว่า [โตโร ข้าวโพดอลเนยคาราเมล] จำนวน (10)', '2019-10-21 15:52:47'),
(27, 128, 'isamude203 ได้ทำการเพิ่มสินค้าใหม่ชื่อว่า [คอร์นพัฟฟ์ ข้าวโพดอบกรอบ รสดั้งเดิม] จำนวน (10)', '2019-10-21 15:53:20'),
(28, 128, 'isamude203 ได้ทำการเพิ่มสินค้าใหม่ชื่อว่า [โตโร ข้าวโพดอบกรอบ รสน้ำตาลและเนย] จำนวน (10)', '2019-10-21 15:53:55'),
(29, 128, 'isamude203 ได้ทำการเพิ่มสินค้าใหม่ชื่อว่า [ปอปซีเคร์ต (POP SECRET) เมล็ดข้าวโพดปอปซีเคร์ต รสเนย] จำน', '2019-10-21 15:54:48'),
(30, 128, 'isamude203 ได้ทำการเพิ่มสินค้าใหม่ชื่อว่า [โตโร ข้าวโพด รสคาราชีส] จำนวน (10)', '2019-10-21 15:55:41'),
(31, 128, 'isamude203 ได้ทำการเพิ่มสินค้าใหม่ชื่อว่า [โตโร ข้าวโพดคลุกน้ำตาลเนยผสมอัลมอนด์] จำนวน (10)', '2019-10-21 15:56:13'),
(32, 128, 'isamude203 ได้ทำการเพิ่มสินค้าใหม่ชื่อว่า [ป๊อปซีเคร็ต เมล็ดข้าวโพดดิบสำหรับไมโครเวฟ รสเนย] จำนวน (1', '2019-10-21 15:57:21'),
(33, 128, 'isamude203 ได้ทำการเพิ่มสินค้าใหม่ชื่อว่า [ป๊อปซีเคร็ต เมล็ดข้าวโพดดิบสำหรับไมโครเวฟ มูฟวี่เธียร์เตอ', '2019-10-21 15:58:23'),
(34, 128, 'isamude203 ได้ทำการเพิ่มสินค้าใหม่ชื่อว่า [ป็อบซีเคร็ท เมล็ดข้าวโพดดิบ มูวี] จำนวน (10)', '2019-10-21 15:59:11'),
(35, 128, 'isamude203 ได้ทำการเพิ่มสินค้าใหม่ชื่อว่า [โตโร ข้าวโพดเคลือบ ซูเปอร์คาราเมล] จำนวน (10)', '2019-10-21 15:59:43'),
(36, 128, 'isamude203 ได้ทำการเพิ่มสินค้าใหม่ชื่อว่า [ป็อบซีเคร็ท POP SECRET รข้าวโพดคั่วไมโครเวพ สเนยต้นตำหรับ', '2019-10-21 16:00:26'),
(37, 128, 'isamude203 ได้ทำการเพิ่มสินค้าใหม่ชื่อว่า [ป๊อปซีเคร็ต ข้าวโพดดิบสำหรับไมโครเวฟ รสเนย] จำนวน (10)', '2019-10-21 16:00:57'),
(38, 128, 'isamude203 ได้ทำการเพิ่มสินค้าใหม่ชื่อว่า [บรูก เมล็ดข้าวโพดดิบ] จำนวน (10)', '2019-10-21 16:01:40'),
(39, 128, 'isamude203 ได้ทำการเพิ่มสินค้าใหม่ชื่อว่า [ป๊อปซีเคร็ต ข้าวโพดดิบ รสหวานและรสเค็ม สำหรับไมโครเวฟ] จำ', '2019-10-21 16:02:20'),
(40, 127, 'adminnon ได้ทำการเพิ่มสินค้าใหม่ชื่อว่า [ถั่วอบโก๋แก่กะทิ] จำนวน (30)', '2019-10-21 16:14:30'),
(41, 127, 'adminnon ได้ทำการเพิ่มสินค้าใหม่ชื่อว่า [โก๋แก่ ถั่วปากอ้า อบเกลือ ] จำนวน (10)', '2019-10-21 16:16:44'),
(42, 127, 'adminnon ได้ทำการเพิ่มสินค้าใหม่ชื่อว่า [โก๋แก ถั่วลิสงอบกรอบ ] จำนวน (30)', '2019-10-21 16:17:27'),
(43, 127, 'adminnon ได้ทำการเพิ่มสินค้าใหม่ชื่อว่า [โก๋แก่ ถั่วลิสงกรอบ รสกะทิ] จำนวน (20)', '2019-10-21 16:18:04'),
(44, 127, 'adminnon ได้ทำการเพิ่มสินค้าใหม่ชื่อว่า [โก๋แก่ (KOH-KAE) ถั่วลิสงอบกรอบรสไก่] จำนวน (20)', '2019-10-21 16:18:44'),
(45, 127, 'adminnon ได้ทำการเพิ่มสินค้าใหม่ชื่อว่า [โก๋แก่พลัสเม็ดมะม่วงอบเกลือ] จำนวน (20)', '2019-10-21 16:19:14'),
(46, 127, 'adminnon ได้ทำการเพิ่มสินค้าใหม่ชื่อว่า [ทาโร่ ปลาสวรรค์อบกรอบ รสเข้มข้น ] จำนวน (20)', '2019-10-21 16:26:07'),
(47, 127, 'adminnon ได้ทำการเพิ่มสินค้าใหม่ชื่อว่า [ทาโร่ ปลาสวรรค์อบกรอบ รสบาร์บีคิว] จำนวน (20)', '2019-10-21 16:26:40'),
(48, 127, 'adminnon ได้ทำการเพิ่มสินค้าใหม่ชื่อว่า [เท็นจัง ปลาแผ่น รสบาร์บีคิว] จำนวน (20)', '2019-10-21 16:27:11'),
(49, 127, 'adminnon ได้ทำการเพิ่มสินค้าใหม่ชื่อว่า [เท็นจัง ปลาแผ่นอบทรงเครื่อง รสเผ็ดแซ่บ] จำนวน (20)', '2019-10-21 16:27:47'),
(50, 127, 'adminnon ได้ทำการเพิ่มสินค้าใหม่ชื่อว่า [เถ้าแก่น้อย ทินเท็น ปลาหมึกแผ่นอบปรุงรส รสสวีตชิลลี่] จำนวน', '2019-10-21 16:28:20'),
(51, 128, 'isamude203 ได้ทำการเพิ่มสินค้าใหม่ชื่อว่า [เถ้าแก่น้อย สาหร่ายปรุงรส แผ่นใหญ่ รสต้นตำรับ] จำนวน (10)', '2019-10-21 16:34:39'),
(52, 128, 'isamude203 ได้ทำการเพิ่มสินค้าใหม่ชื่อว่า [เถ้าแก่น้อย สาหร่ายปรุงรส แผ่นใหญ่ รสเผ็ด] จำนวน (10)', '2019-10-21 16:35:30'),
(53, 128, 'isamude203 ได้ทำการเพิ่มสินค้าใหม่ชื่อว่า [เถ้าแก่น้อย สาหร่ายทอด] จำนวน (10)', '2019-10-21 16:36:22'),
(54, 127, 'adminnon ได้ทำการเพิ่มสินค้าใหม่ชื่อว่า [โกหมึก ปลาหมึกหยองปรุงรส รสสไปซี่] จำนวน (20)', '2019-10-21 16:38:09'),
(55, 128, 'isamude203 ได้ทำการเพิ่มสินค้าใหม่ชื่อว่า [มาชิตะ สาหร่ายทะเลทอดกรอบ รสออริจินอล] จำนวน (10)', '2019-10-21 16:38:45'),
(56, 127, 'adminnon ได้ทำการเพิ่มสินค้าใหม่ชื่อว่า [สควิดดี้ ปลาหมึกบดปรุงรส รส คลาสสิค] จำนวน (20)', '2019-10-21 16:39:01'),
(57, 128, 'isamude203 ได้ทำการเพิ่มสินค้าใหม่ชื่อว่า [มาชิตะ สาหร่ายทะเลทอดกรอบ รสสไปซี่] จำนวน (10)', '2019-10-21 16:39:42'),
(58, 127, 'adminnon ได้ทำการเพิ่มสินค้าใหม่ชื่อว่า [หมึกบดปรุงรส เต่าทอง (TAOTONG) ปรุงรส] จำนวน (20)', '2019-10-21 16:40:21'),
(59, 128, 'isamude203 ได้ทำการเพิ่มสินค้าใหม่ชื่อว่า [ซีลีโกะ สาหร่ายอบกรอบชนิดแผ่น รสดั้งเดิม] จำนวน (10)', '2019-10-21 16:40:49'),
(60, 127, 'adminnon ได้ทำการเพิ่มสินค้าใหม่ชื่อว่า [เต่าทอง ปลาหมึกเส้นปรุงรส] จำนวน (20)', '2019-10-21 16:41:03'),
(61, 128, 'isamude203 ได้ทำการเพิ่มสินค้าใหม่ชื่อว่า [ซิลิโกะโรลลิ่งไบท์โรยปลากรอบ] จำนวน (10)', '2019-10-21 16:41:33'),
(62, 127, 'adminnon ได้ทำการเพิ่มสินค้าใหม่ชื่อว่า [เบนโตะ ปลาหมึกอบปรุงรส] จำนวน (20)', '2019-10-21 16:41:38'),
(63, 128, 'isamude203 ได้ทำการเพิ่มสินค้าใหม่ชื่อว่า [เถ้าแก่น้อย ไอพลัส สาหร่ายอบสอดไส้ รสทุเรียน] จำนวน (10)', '2019-10-21 16:43:26'),
(64, 128, 'isamude203 ได้ทำการเพิ่มสินค้าใหม่ชื่อว่า [คิมโนริ สาหร่ายทะเลปรุงรส รสบาร์บีคิว] จำนวน (10)', '2019-10-21 16:44:11'),
(65, 127, 'adminnon ได้ทำการเพิ่มสินค้าใหม่ชื่อว่า [มโนราห์ ข้าวเกรียบฟักทอง รส ฟักทอง ] จำนวน (30)', '2019-10-21 16:44:29'),
(66, 128, 'isamude203 ได้ทำการเพิ่มสินค้าใหม่ชื่อว่า [ลตัส เฟรนด์ ขนมสาหร่ายแท่ง รสคลาสสิค] จำนวน (10)', '2019-10-21 16:45:20'),
(67, 127, 'adminnon ได้ทำการเพิ่มสินค้าใหม่ชื่อว่า [มโนห์รา ข้าวเกรียบ รสปลา] จำนวน (30)', '2019-10-21 16:45:34'),
(68, 128, 'isamude203 ได้ทำการเพิ่มสินค้าใหม่ชื่อว่า [โลตัส เฟรนด์ ขนมสาหร่ายแท่ง รสเผ็ด] จำนวน (10)', '2019-10-21 16:46:12'),
(69, 127, 'adminnon ได้ทำการเพิ่มสินค้าใหม่ชื่อว่า [มโนราห์ ข้าวเกรียบกุ้ง รสคลาสสิค] จำนวน (20)', '2019-10-21 16:47:04'),
(70, 127, 'adminnon ได้ทำการเพิ่มสินค้าใหม่ชื่อว่า [อาริงาโต ข้าวเกรียบปลาหมึก รสดั้งเดิม ] จำนวน (20)', '2019-10-21 16:47:54'),
(71, 127, 'adminnon ได้ทำการเพิ่มสินค้าใหม่ชื่อว่า [คาลบี้ ข้าวเกรียบกุ้ง รสพริกไทยดำ] จำนวน (20)', '2019-10-21 16:48:59');

-- --------------------------------------------------------

--
-- Table structure for table `order2`
--

CREATE TABLE `order2` (
  `order_id` int(11) NOT NULL,
  `login_id` int(11) NOT NULL,
  `track_num` int(11) NOT NULL,
  `firstname` varchar(50) NOT NULL,
  `lastname` varchar(50) NOT NULL,
  `email` varchar(50) NOT NULL,
  `shipping_add` varchar(50) NOT NULL,
  `order_date` datetime NOT NULL,
  `statuss` varchar(50) NOT NULL,
  `totalprice` decimal(10,2) NOT NULL
) ENGINE=InnoDB DEFAULT CHARSET=utf8mb4;

--
-- Dumping data for table `order2`
--

INSERT INTO `order2` (`order_id`, `login_id`, `track_num`, `firstname`, `lastname`, `email`, `shipping_add`, `order_date`, `statuss`, `totalprice`) VALUES
(15, 122, 12214, 'user', 'user', 'user@user.com', '120 ม.5 ต.สันสลี อ.เวียงป่าเป้า จ.เชียงราย 57170', '2019-10-21 23:21:00', 'จัดส่งแล้ว', '10.00'),
(26, 122, 12216, 'user', 'user', 'user@user.com', 'address user1', '2019-10-21 23:32:14', 'จัดส่งแล้ว', '10.00'),
(27, 122, 12217, 'user', 'user', 'user@user.com', '4', '2019-10-21 23:33:14', 'จัดส่งแล้ว', '357.00'),
(28, 122, 12220, 'user', 'user', 'user@user.com', '120 ม.5 ต.สันสลี อ.เวียงป่าเป้า จ.เชียงราย 57170', '2019-10-21 23:35:36', 'จัดส่งแล้ว', '540.00'),
(29, 122, 12221, 'user', 'user', 'user@user.com', '120 ม.5 ต.สันสลี อ.เวียงป่าเป้า จ.เชียงราย 57170', '2019-10-22 00:01:13', 'จัดส่งแล้ว', '100.00'),
(30, 122, 12222, 'เด็กชายใจดี', '', 'Jaidee@user.com', 'หอดาวเรือง 92/2', '2019-10-22 01:03:15', 'จัดส่งแล้ว', '20.00'),
(31, 122, 12223, 'เด็กชายใจดี', '', 'Jaidee@user.com', '120 ม.5 ต.สันสลี อ.เวียงป่าเป้า จ.เชียงราย 57170', '2019-10-22 02:07:06', 'จัดส่งแล้ว', '25.00'),
(32, 125, 12525, 'Non', 'Pongpitak', 'non@non.com', '92/2 หมู่ 1 ต', '2019-10-22 02:12:36', 'รอจัดส่ง', '1370.00');

-- --------------------------------------------------------

--
-- Table structure for table `order_details`
--

CREATE TABLE `order_details` (
  `order_details_id` int(11) NOT NULL,
  `prod_id` int(11) NOT NULL,
  `prod_qty` int(11) NOT NULL,
  `total_qty` varchar(30) NOT NULL,
  `total` decimal(10,2) NOT NULL,
  `login_id` int(11) NOT NULL,
  `order_id` varchar(30) NOT NULL,
  `track_num` int(11) NOT NULL,
  `statuss` varchar(50) NOT NULL
) ENGINE=InnoDB DEFAULT CHARSET=utf8mb4;

--
-- Dumping data for table `order_details`
--

INSERT INTO `order_details` (`order_details_id`, `prod_id`, `prod_qty`, `total_qty`, `total`, `login_id`, `order_id`, `track_num`, `statuss`) VALUES
(7, 37, 8, '', '80.00', 122, '1', 1228, ''),
(8, 53, 2, '', '110.00', 122, '1', 1228, ''),
(9, 37, 3, '', '30.00', 122, '1', 12210, ''),
(10, 38, 8, '', '80.00', 122, '1', 12210, ''),
(11, 37, 4, '', '40.00', 122, '1', 12211, ''),
(12, 42, 1, '', '10.00', 122, '1', 12212, ''),
(13, 37, 1, '', '10.00', 122, '1', 12213, ''),
(14, 37, 1, '', '10.00', 122, '1', 12214, ''),
(16, 43, 2, '', '10.00', 122, '1', 12216, 'รอจัดส่ง'),
(17, 56, 3, '', '357.00', 122, '1', 12217, 'รอจัดส่ง'),
(18, 64, 10, '', '220.00', 122, '1', 12220, 'รอจัดส่ง'),
(19, 79, 5, '', '110.00', 122, '1', 12220, 'รอจัดส่ง'),
(20, 98, 7, '', '210.00', 122, '1', 12220, 'รอจัดส่ง'),
(21, 37, 10, '', '100.00', 122, '1', 12221, 'รอจัดส่ง'),
(22, 39, 2, '', '20.00', 122, '1', 12222, 'รอจัดส่ง'),
(23, 40, 5, '', '25.00', 122, '1', 12223, 'รอจัดส่ง'),
(24, 59, 10, '', '1190.00', 125, '1', 12525, 'รอจัดส่ง'),
(25, 85, 1, '', '180.00', 125, '1', 12525, 'รอจัดส่ง'),
(27, 37, 2, '', '20.00', 122, '', 0, '');

-- --------------------------------------------------------

--
-- Table structure for table `products`
--

CREATE TABLE `products` (
  `prod_id` int(11) NOT NULL,
  `prod_name` varchar(50) NOT NULL,
  `prod_desc` varchar(500) NOT NULL,
  `prod_qty` int(11) NOT NULL,
  `prod_cost` decimal(10,2) NOT NULL,
  `prod_price` decimal(10,2) NOT NULL,
  `category` varchar(100) NOT NULL,
  `supplier` varchar(100) NOT NULL,
  `prod_serial` varchar(50) NOT NULL,
  `prod_pic1` varchar(500) NOT NULL,
  `prod_pic2` varchar(500) NOT NULL,
  `prod_pic3` varchar(500) NOT NULL
) ENGINE=InnoDB DEFAULT CHARSET=utf8mb4;

--
-- Dumping data for table `products`
--

INSERT INTO `products` (`prod_id`, `prod_name`, `prod_desc`, `prod_qty`, `prod_cost`, `prod_price`, `category`, `supplier`, `prod_serial`, `prod_pic1`, `prod_pic2`, `prod_pic3`) VALUES
(37, 'คอนเน่', 'คอนเน่ ขนมอบกรอบ รสดั้งเดิม 14 กรัม- คอนเน่ ขนมอบกรอบแสนอร่อย - ทำจากข้าวโพด - รูปกรวยที่น่าดึงดูดและรสชาติแสนอร่อย  - กรอบ - ได้มาตรฐาน', 36, '8.00', '10.00', 'ขนมขบเคี้ยวอื่นๆ', '', '', '8851727003025.jpg', '', ''),
(38, 'ปาปริก้า', 'ปาปริก้า อะไรก็เกิดขึ้นได้ถ้ามีปาปริก้า มันฝรั่งกรอบ ปาปริก้า คลุกเคล้าด้วยผงปาปริก้าแสนอร่อย ขนมสุดคลาสสิคที่เหมาะกับทุกโอกาส กรุบกรอบ รสชาติอร่อย สำหรับรับประทานในโอกาสต่างๆ เช่น งานปาร์ตี้ ระหว่างดูทีวี', 80, '8.00', '10.00', 'ขนมอบ/ ทอดกรอบ', '', '', 'ShotType1_540x540.jpg', '', ''),
(39, 'เลย์ คลาสสิค', '- มันฝรั่งแผ่นเรียบ - ขนมขบเคี้ยว มันฝรั่งแท้แผ่นเรียบที่ทอดจนสีเหลืองกรอบ - หอม พอดีคำ ได้รสชาติมันฝรั่งแท้ๆ อร่อยจนคุณไม่อยากหยุดกิน', 6, '8.00', '10.00', 'ขนมอบ/ ทอดกรอบ', '', '', '8850718703494.jpg', '', ''),
(40, 'ปูไทย', '- ขนมอบกรอบตราปูไทย - รสปลาหมึก - อร่อย - ถูกหลักอนามัย', 2, '4.00', '5.00', 'ขนมอบ/ ทอดกรอบ', '', '', 'puthai.jpg', '', ''),
(41, 'ฮานามิ ข้าวเกรียบกุ้ง', '- ข้าวเกรียบกุ้งรสดั้งเดิม - กรอบอร่อย - สามารถรับประทานได้หลากหลายโอกาส', 8, '8.00', '10.00', 'ข้าวเกรียบ', '', '', '1_b95b19f4-0fb6-4c67-a19d-913d52d46591_large.webp', '', ''),
(42, 'ถั่วอบโก๋แก่กะทิ', '- ถั่วลิสงกรอบ ตราโก๋แก่  - รสกระทิ  - ต้นตำรับกระทิแท้ดั้งเดิม  - ขนาด 17 กรัม', 6, '8.00', '10.00', 'ถั่ว และเมล็ดธัญพืชปรุงรส', '', '', '51009456_โก๋แก่-ถั่วลิสงกะทิ-100-กรัม-600x600.jpg', '', ''),
(43, 'แจ็กซ์ มันฝรั่งแท่ง', ' - มันฝรั่งแท่ง - พร้อมซอสมะเขือเทศ - กรอบอร่อย', 8, '4.00', '5.00', 'ขนมอบ/ ทอดกรอบ', '', '', 'แจ็กซ์-มันฝรั่งแท่ง-ขนาด-62-กรั_18.jpg', '', ''),
(53, 'ทาโร ปลาสวรรค์ รสเข้มข้น', 'ทาโร ปลาสวรรค์ รสเข้มข้น 7.5 กรัม แพ็ค 12', 98, '49.00', '55.00', 'ปลาเส้น', '', '', '001.jpg', '', ''),
(55, 'เจพี ฟู๊ดเฮ้าส์ ขนมตุ๊บตั๊บทุเรียน', 'เจพี ฟู๊ดเฮ้าส์ ขนมตุ๊บตั๊บทุเรียน 126 ก.', 20, '99.00', '119.00', 'ขนมขบเคี้ยวอื่นๆ', '', '', 'เจพี ฟู๊ดเฮ้าส์ ขนมตุ๊บตั๊บทุเรียน 126 ก..jpg', '', ''),
(56, 'เจพี ฟู๊ดเฮ้าส์ ขนมตุ๊บตั๊บมะพร้าว', 'เจพี ฟู๊ดเฮ้าส์ ขนมตุ๊บตั๊บมะพร้าว 126 ก.', 17, '99.00', '119.00', 'ขนมขบเคี้ยวอื่นๆ', '', '', 'เจพี ฟู๊ดเฮ้าส์ ขนมตุ๊บตั๊บมะพร้าว 126 ก..jpg', '', ''),
(57, 'เบอเก้น คุกกี้โอ๊ต ผสมแครนเบอรี่', 'เบอเก้น คุกกี้โอ๊ต ผสมแครนเบอรี่ 135 ก.', 20, '99.00', '119.00', 'ขนมอบ/ ทอดกรอบ', '', '', 'เบอเก้น คุกกี้โอ๊ต ผสมแครนเบอรี่ 135 ก..jpg', '', ''),
(59, 'เบอเก้น คุกกี้โอ๊ต ผสมดาร์กช็อกโกแลต', 'เบอเก้น คุกกี้โอ๊ต ผสมดาร์กช็อกโกแลต 135 ก.', 10, '99.00', '119.00', 'ขนมอบ/ ทอดกรอบ', '', '', 'เบอเก้น คุกกี้โอ๊ต ผสมดาร์กช็อกโกแลต 135 ก..jpg', '', ''),
(60, 'ปิ่นเพชร มะขามไร้เมล็ด', 'ปิ่นเพชร มะขามไร้เมล็ด 280 ก.', 20, '229.00', '239.00', 'ขนมขบเคี้ยวอื่นๆ', '', '', 'ปิ่นเพชร มะขามไร้เมล็ด 280 ก..jpg', '', ''),
(62, 'ไฮโซ ดักแด้อบกรอบ รสดั้งเดิม', 'ไฮโซ ดักแด้อบกรอบ รสดั้งเดิม ขนาด 15 กรัม', 30, '25.00', '35.00', 'ขนมขบเคี้ยวอื่นๆ', '', '', 'ไฮโซ ดักแด้อบกรอบ รสดั้งเดิม ขนาด 15 กรัม.jpg', '', ''),
(64, 'โลตัส ขนมรูปน่องไก่ รสแซ่บซี้ด', 'โลตัส ขนมรูปน่องไก่ รสแซ่บซี้ด 50 กรัม', 10, '12.00', '22.00', 'ขนมอบ/ ทอดกรอบ', '', '', 'โลตัส ขนมรูปน่องไก่ รสแซ่บซี้ด 50 กรัม.jpg', '', ''),
(66, 'ไฮโซ ดักแด้อบกรอบ รสบาร์บีคิว', 'ไฮโซ ดักแด้อบกรอบ รสบาร์บีคิว ขนาด 15 กรัม', 20, '25.00', '35.00', 'ขนมขบเคี้ยวอื่นๆ', '', '', 'ไฮโซ ดักแด้อบกรอบ รสบาร์บีคิว ขนาด 15 กรัม.jpg', '', ''),
(68, 'บิ๊กซี ขนมขาไก่ รสทรงเครื่อง ', 'บิ๊กซี ขนมขาไก่ รสทรงเครื่อง 450 กรัม', 20, '59.00', '69.00', 'ขนมขบเคี้ยวอื่นๆ', '', '', 'บิ๊กซี ขนมขาไก่ รสทรงเครื่อง 450 กรัม.jpg', '', ''),
(69, 'ปาร์ตี้ บานาน่า ช็อกโก ', 'ปาร์ตี้ บานาน่า ช็อกโก 67 กรัม', 10, '18.00', '28.00', 'ขนมอบ/ ทอดกรอบ', '', '', 'ปาร์ตี้ บานาน่า ช็อกโก 67 กรัม.jpg', '', ''),
(71, 'ออง-เทร่ หมูอบปรุงรส รสคลาสสิก', 'ออง-เทร่ หมูอบปรุงรส รสคลาสสิก 22 กรัม', 20, '30.00', '40.00', 'ขนมขบเคี้ยวอื่นๆ', '', '', 'ออง-เทร่ หมูอบปรุงรส รสคลาสสิก 22 กรัม.jpg', '', ''),
(72, 'ทาโร ปลาสวรรค์ รสสาหร่ายเกาหลี', 'ทาโร ปลาสวรรค์ รสสาหร่ายเกาหลี ขนาด 32 กรัม', 100, '18.00', '20.00', 'ปลาเส้น', '', '', '8852044367425_6.jpg', '', ''),
(73, 'อองเทร่ หมูแผ่นบาร์บีคิวอบกรอบ รสน้ำพริกเผา', 'อองเทร่ หมูแผ่นบาร์บีคิวอบกรอบ รสน้ำพริกเผา 16 กรัม', 20, '20.00', '30.00', 'ขนมขบเคี้ยวอื่นๆ', '', '', 'อองเทร่ หมูแผ่นบาร์บีคิวอบกรอบ รสน้ำพริกเผา 16 กรัม.jpg', '', ''),
(74, 'อองเทร่ แคบหมูทอดกรอบ รสดั้งเดิม', 'อองเทร่ แคบหมูทอดกรอบ รสดั้งเดิม 14 กรัม', 10, '20.00', '30.00', 'ขนมขบเคี้ยวอื่นๆ', '', '', 'อองเทร่ แคบหมูทอดกรอบ รสดั้งเดิม 14 กรัม.jpg', '', ''),
(75, 'โตโร ข้าวโพดอลเนยคาราเมล', 'โตโร ข้าวโพดอลเนยคาราเมล ขนาด 25 กรัม แพ็ค 12', 10, '49.00', '55.00', 'ข้าวโพดคั่ว', '', '', 'โตโร ข้าวโพดอลเนยคาราเมล.jpg', '', ''),
(76, 'คอร์นพัฟฟ์ ข้าวโพดอบกรอบ รสดั้งเดิม', 'คอร์นพัฟฟ์ ข้าวโพดอบกรอบ รสดั้งเดิม 19 กรัม แพ็ค 12', 10, '49.50', '56.00', 'ข้าวโพดคั่ว', '', '', 'คอร์นพัฟฟ์ ข้าวโพดอบกรอบ รสดั้งเดิม.jpg', '', ''),
(77, 'โตโร ข้าวโพดอบกรอบ รสน้ำตาลและเนย', 'โตโร ข้าวโพดอบกรอบ รสน้ำตาลและเนย ขนาด 80 กรัม', 10, '20.00', '22.00', 'ข้าวโพดคั่ว', '', '', 'โตโร ข้าวโพดอบกรอบ รสน้ำตาลและเนย.jpg', '', ''),
(78, 'ปอปซีเคร์ต (POP SECRET) เมล็ดข้าวโพดปอปซีเคร์ต รสเ', 'ปอปซีเคร์ต (POP SECRET) เมล็ดข้าวโพดปอปซีเคร์ต รสเนย 272 ก.', 10, '160.00', '180.00', 'ข้าวโพดคั่ว', '', '', 'ปอปซีเคร์ต (POP SECRET) เมล็ดข้าวโพดปอปซีเคร์ต รสเนย.jpg', '', ''),
(79, 'โตโร ข้าวโพด รสคาราชีส', 'โตโร ข้าวโพด รสคาราชีส 55 กรัม', 5, '20.00', '22.00', 'ข้าวโพดคั่ว', '', '', 'โตโร ข้าวโพด รสคาราชีส.jpg', '', ''),
(80, 'โตโร ข้าวโพดคลุกน้ำตาลเนยผสมอัลมอนด์', 'โตโร ข้าวโพดคลุกน้ำตาลเนยผสมอัลมอนด์ ขนาด 60 กรัม', 10, '20.00', '22.00', 'ข้าวโพดคั่ว', '', '', 'โตโร ข้าวโพดคลุกน้ำตาลเนยผสมอัลมอนด์.jpg', '', ''),
(81, 'ป๊อปซีเคร็ต เมล็ดข้าวโพดดิบสำหรับไมโครเวฟ รสเนย', 'ป๊อปซีเคร็ต เมล็ดข้าวโพดดิบสำหรับไมโครเวฟ รสเนย 49 กรัม', 10, '40.00', '55.00', 'ข้าวโพดคั่ว', '', '', 'ป๊อปซีเคร็ต เมล็ดข้าวโพดดิบสำหรับไมโครเวฟ รสเนย.jpg', '', ''),
(82, 'ป๊อปซีเคร็ต เมล็ดข้าวโพดดิบสำหรับไมโครเวฟ มูฟวี่เธ', 'ป๊อปซีเคร็ต เมล็ดข้าวโพดดิบสำหรับไมโครเวฟ มูฟวี่เธียร์เตอร์ บัตเตอร์ จัมโบ้ 272 กรัม', 10, '160.00', '180.00', 'ข้าวโพดคั่ว', '', '', 'ป๊อปซีเคร็ต เมล็ดข้าวโพดดิบสำหรับไมโครเวฟ มูฟวี่เธียร์เตอร์ บัตเตอร์ จัมโบ้.jpg', '', ''),
(83, 'ป็อบซีเคร็ท เมล็ดข้าวโพดดิบ มูวี', 'ป็อบซีเคร็ท เมล็ดข้าวโพดดิบ มูวี ขนาด 272 กรัม', 10, '160.00', '180.00', 'ข้าวโพดคั่ว', '', '', 'ป็อบซีเคร็ท เมล็ดข้าวโพดดิบ มูวี.jpg', '', ''),
(84, 'โตโร ข้าวโพดเคลือบ ซูเปอร์คาราเมล', 'โตโร ข้าวโพดเคลือบ ซูเปอร์คาราเมล ขนาด 55 กรัม', 10, '20.00', '22.00', 'ข้าวโพดคั่ว', '', '', 'โตโร ข้าวโพดเคลือบ ซูเปอร์คาราเมล.jpg', '', ''),
(85, 'ป็อบซีเคร็ท POP SECRET ข้าวโพดคั่วไมโครเวพ รสเนยต้', 'ป็อบซีเคร็ท POP SECRET รข้าวโพดคั่วไมโครเวพ สเนยต้นตำหรับ 206 กรัม', 9, '160.00', '180.00', 'ขนมขบเคี้ยวอื่นๆ', '', '', 'ป็อบซีเคร็ท POP SECRET รข้าวโพดคั่วไมโครเวพ สเนยต้นตำหรับ.jpg', '', ''),
(86, 'ป๊อปซีเคร็ต ข้าวโพดดิบสำหรับไมโครเวฟ รสเนย', 'ป๊อปซีเคร็ต ข้าวโพดดิบสำหรับไมโครเวฟ รสเนย 272 กรัม', 10, '160.00', '180.00', 'ข้าวโพดคั่ว', '', '', 'ป๊อปซีเคร็ต ข้าวโพดดิบสำหรับไมโครเวฟ รสเนย.jpg', '', ''),
(87, 'บรูก เมล็ดข้าวโพดดิบ', 'บรูก เมล็ดข้าวโพดดิบ 565 กรัม', 10, '45.00', '59.00', 'ข้าวโพดคั่ว', '', '', 'บรูก เมล็ดข้าวโพดดิบ.jpg', '', ''),
(88, 'ป๊อปซีเคร็ต ข้าวโพดดิบ รสหวานและรสเค็ม สำหรับไมโคร', 'ป๊อปซีเคร็ต ข้าวโพดดิบ รสหวานและรสเค็ม สำหรับไมโครเวฟ 272 กรัม', 10, '160.00', '180.00', 'ข้าวโพดคั่ว', '', '', 'ป๊อปซีเคร็ต ข้าวโพดดิบ รสหวานและรสเค็ม สำหรับไมโครเวฟ.jpg', '', ''),
(89, 'ถั่วอบโก๋แก่กะทิ', 'ถั่วอบโก๋แก่กะทิ 17 กรัม แพ็ค12', 30, '49.50', '59.50', 'ถั่ว และเมล็ดธัญพืชปรุงรส', '', '', 'ถั่วอบโก๋แก่กะทิ 17 กรัม แพ็ค12.jpg', '', ''),
(90, 'โก๋แก่ ถั่วปากอ้า อบเกลือ ', 'โก๋แก่ ถั่วปากอ้า อบเกลือ ขนาด 20 กรัม แพ็ค 12', 10, '49.00', '59.00', 'ถั่ว และเมล็ดธัญพืชปรุงรส', '', '', 'โก๋แก่ ถั่วปากอ้า อบเกลือ ขนาด 20 กรัม แพ็ค 12.jpg', '', ''),
(91, 'โก๋แก ถั่วลิสงอบกรอบ ', 'โก๋แก ถั่วลิสงอบกรอบ ขนาด 42 กรัม', 30, '9.50', '19.50', 'ถั่ว และเมล็ดธัญพืชปรุงรส', '', '', 'โก๋แก ถั่วลิสงอบกรอบ ขนาด 42 กรัม.jpg', '', ''),
(92, 'โก๋แก่ ถั่วลิสงกรอบ รสกะทิ', 'โก๋แก่ ถั่วลิสงกรอบ รสกะทิ ขนาด 80 กรัม', 20, '19.50', '29.50', 'ถั่ว และเมล็ดธัญพืชปรุงรส', '', '', 'โก๋แก่ ถั่วลิสงกรอบ รสกะทิ ขนาด 80 กรัม.jpg', '', ''),
(93, 'โก๋แก่ (KOH-KAE) ถั่วลิสงอบกรอบรสไก่', 'โก๋แก่ (KOH-KAE) ถั่วลิสงอบกรอบรสไก่ 17 ก. แพ็ค 12 ซอง', 20, '49.50', '59.50', 'ถั่ว และเมล็ดธัญพืชปรุงรส', '', '', 'โก๋แก่ (KOH-KAE) ถั่วลิสงอบกรอบรสไก่ 17 ก. แพ็ค 12 ซอง.jpg', '', ''),
(94, 'โก๋แก่พลัสเม็ดมะม่วงอบเกลือ', 'โก๋แก่พลัสเม็ดมะม่วงอบเกลือ 30 กรัม', 20, '19.00', '29.00', 'ถั่ว และเมล็ดธัญพืชปรุงรส', '', '', 'โก๋แก่พลัสเม็ดมะม่วงอบเกลือ 30 กรัม.jpg', '', ''),
(95, 'ทาโร่ ปลาสวรรค์อบกรอบ รสเข้มข้น ', 'ทาโร่ ปลาสวรรค์อบกรอบ รสเข้มข้น 30 กรัม', 20, '28.00', '38.00', 'ปลาแผ่นปรุงรส', '', '', 'ทาโร่ ปลาสวรรค์อบกรอบ รสเข้มข้น 30 กรัม.jpg', '', ''),
(96, 'ทาโร่ ปลาสวรรค์อบกรอบ รสบาร์บีคิว', 'ทาโร่ ปลาสวรรค์อบกรอบ รสบาร์บีคิว 30 กรัม', 20, '28.00', '38.00', 'ปลาแผ่นปรุงรส', '', '', 'ทาโร่ ปลาสวรรค์อบกรอบ รสบาร์บีคิว 30 กรัม.jpg', '', ''),
(97, 'เท็นจัง ปลาแผ่น รสบาร์บีคิว', 'เท็นจัง ปลาแผ่น รสบาร์บีคิว 42.5 กรัม', 20, '20.00', '30.00', 'ปลาแผ่นปรุงรส', '', '', 'เท็นจัง ปลาแผ่น รสบาร์บีคิว 42.5 กรัม.jpg', '', ''),
(98, 'เท็นจัง ปลาแผ่นอบทรงเครื่อง รสเผ็ดแซ่บ', 'เท็นจัง ปลาแผ่นอบทรงเครื่อง รสเผ็ดแซ่บ 42.5 กรัม', 13, '20.00', '30.00', 'ปลาแผ่นปรุงรส', '', '', 'เท็นจัง ปลาแผ่นอบทรงเครื่อง รสเผ็ดแซ่บ 42.5 กรัม.jpg', '', ''),
(99, 'เถ้าแก่น้อย ทินเท็น ปลาหมึกแผ่นอบปรุงรส รสสวีตชิลล', 'เถ้าแก่น้อย ทินเท็น ปลาหมึกแผ่นอบปรุงรส รสสวีตชิลลี่ 20 ก.', 20, '19.00', '29.00', 'ปลาแผ่นปรุงรส', '', '', 'เถ้าแก่น้อย ทินเท็น ปลาหมึกแผ่นอบปรุงรส รสสวีตชิลลี่ 20 ก..jpg', '', ''),
(100, 'เถ้าแก่น้อย สาหร่ายปรุงรส แผ่นใหญ่ รสต้นตำรับ', 'เถ้าแก่น้อย สาหร่ายปรุงรส แผ่นใหญ่ รสต้นตำรับ 3.5 กรัม แพ็ค 12', 10, '51.00', '59.00', 'สาหร่ายปรุงรส/ เห็ดทอดกรอบปรุงรส', '', '', 'เถ้าแก่น้อย สาหร่ายปรุงรส แผ่นใหญ่ รสต้นตำรับ.jpg', '', ''),
(101, 'เถ้าแก่น้อย สาหร่ายปรุงรส แผ่นใหญ่ รสเผ็ด', 'เถ้าแก่น้อย สาหร่ายปรุงรส แผ่นใหญ่ รสเผ็ด 3.5 กรัม แพ็ค 12', 10, '51.00', '59.00', 'สาหร่ายปรุงรส/ เห็ดทอดกรอบปรุงรส', '', '', 'เถ้าแก่น้อย สาหร่ายปรุงรส แผ่นใหญ่ รสเผ็ด.jpg', '', ''),
(102, 'เถ้าแก่น้อย สาหร่ายทอด', 'เถ้าแก่น้อย สาหร่ายทอด 3.5 กรัม แพ็ค 12', 10, '51.00', '59.00', 'สาหร่ายปรุงรส/ เห็ดทอดกรอบปรุงรส', '', '', 'เถ้าแก่น้อย สาหร่ายทอด.jpg', '', ''),
(103, 'โกหมึก ปลาหมึกหยองปรุงรส รสสไปซี่', 'โกหมึก ปลาหมึกหยองปรุงรส รสสไปซี่ ขนาด 24 กรัม', 20, '29.00', '39.00', 'ปลาเส้น', '', '', 'โกหมึก ปลาหมึกหยองปรุงรส รสสไปซี่ ขนาด 24 กรัม.jpg', '', ''),
(104, 'มาชิตะ สาหร่ายทะเลทอดกรอบ รสออริจินอล', 'มาชิตะ สาหร่ายทะเลทอดกรอบ รสออริจินอล 30 กรัม', 10, '39.00', '49.00', 'สาหร่ายปรุงรส/ เห็ดทอดกรอบปรุงรส', '', '', 'มาชิตะ สาหร่ายทะเลทอดกรอบ รสออริจินอล.jpg', '', ''),
(105, 'สควิดดี้ ปลาหมึกบดปรุงรส รส คลาสสิค', 'สควิดดี้ ปลาหมึกบดปรุงรส รส คลาสสิค ขนาด 17 กรัม', 20, '32.00', '42.00', 'ปลาเส้น', '', '', 'สควิดดี้ ปลาหมึกบดปรุงรส รส คลาสสิค ขนาด 17 กรัม.jpg', '', ''),
(106, 'มาชิตะ สาหร่ายทะเลทอดกรอบ รสสไปซี่', 'มาชิตะ สาหร่ายทะเลทอดกรอบ รสสไปซี่ 30 กรัม', 10, '39.00', '49.00', 'สาหร่ายปรุงรส/ เห็ดทอดกรอบปรุงรส', '', '', 'มาชิตะ สาหร่ายทะเลทอดกรอบ รสสไปซี่.jpg', '', ''),
(107, 'หมึกบดปรุงรส เต่าทอง (TAOTONG) ปรุงรส', 'หมึกบดปรุงรส เต่าทอง (TAOTONG) ปรุงรส (18 ก.)', 20, '35.00', '45.00', 'ปลาเส้น', '', '', 'หมึกบดปรุงรส เต่าทอง (TAOTONG) ปรุงรส (18 ก.).jpg', '', ''),
(108, 'ซีลีโกะ สาหร่ายอบกรอบชนิดแผ่น รสดั้งเดิม', 'ซีลีโกะ สาหร่ายอบกรอบชนิดแผ่น รสดั้งเดิม ขนาด 45 กรัม แพ็ค 100 ชิ้น', 10, '119.00', '129.00', 'สาหร่ายปรุงรส/ เห็ดทอดกรอบปรุงรส', '', '', 'ซีลีโกะ สาหร่ายอบกรอบชนิดแผ่น รสดั้งเดิม.jpg', '', ''),
(109, 'เต่าทอง ปลาหมึกเส้นปรุงรส', 'เต่าทอง ปลาหมึกเส้นปรุงรส 19.5 กรัม', 20, '35.00', '45.00', 'ปลาเส้น', '', '', 'เต่าทอง ปลาหมึกเส้นปรุงรส 19.5 กรัม.jpg', '', ''),
(110, 'ซิลิโกะโรลลิ่งไบท์โรยปลากรอบ', 'ซิลิโกะโรลลิ่งไบท์โรยปลากรอบ ขนาด 2.5 กรัม แพ็ค 12', 10, '49.00', '59.00', 'สาหร่ายปรุงรส/ เห็ดทอดกรอบปรุงรส', '', '', 'ซิลิโกะโรลลิ่งไบท์โรยปลากรอบ.jpg', '', ''),
(111, 'เบนโตะ ปลาหมึกอบปรุงรส', 'เบนโตะ ปลาหมึกอบปรุงรส ขนาด 20 กรัม', 20, '19.00', '29.00', 'ปลาเส้น', '', '', 'เบนโตะ ปลาหมึกอบปรุงรส ขนาด 20 กรัม.jpg', '', ''),
(112, 'เถ้าแก่น้อย ไอพลัส สาหร่ายอบสอดไส้ รสทุเรียน', 'เถ้าแก่น้อย ไอพลัส สาหร่ายอบสอดไส้ รสทุเรียน 60 G.', 10, '79.00', '89.00', 'สาหร่ายปรุงรส/ เห็ดทอดกรอบปรุงรส', '', '', 'เถ้าแก่น้อย ไอพลัส สาหร่ายอบสอดไส้ รสทุเรียน.jpg', '', ''),
(113, 'คิมโนริ สาหร่ายทะเลปรุงรส รสบาร์บีคิว', 'คิมโนริ สาหร่ายทะเลปรุงรส รสบาร์บีคิว 40 กรัม', 10, '85.00', '99.00', 'สาหร่ายปรุงรส/ เห็ดทอดกรอบปรุงรส', '', '', 'คิมโนริ สาหร่ายทะเลปรุงรส รสบาร์บีคิว.jpg', '', ''),
(114, 'มโนราห์ ข้าวเกรียบฟักทอง รส ฟักทอง ', 'มโนราห์ ข้าวเกรียบฟักทอง รส ฟักทอง ขนาด 35 กรัม', 30, '8.00', '18.00', 'ข้าวเกรียบ', '', '', 'มโนราห์ ข้าวเกรียบฟักทอง รส ฟักทอง ขนาด 35 กรัม.jpg', '', ''),
(115, 'ลตัส เฟรนด์ ขนมสาหร่ายแท่ง รสคลาสสิค', 'โลตัส เฟรนด์ ขนมสาหร่ายแท่ง รสคลาสสิค 50 ก.', 10, '20.00', '24.00', 'สาหร่ายปรุงรส/ เห็ดทอดกรอบปรุงรส', '', '', 'โลตัส เฟรนด์ ขนมสาหร่ายแท่ง รสคลาสสิค.jpg', '', ''),
(116, 'มโนห์รา ข้าวเกรียบ รสปลา', 'มโนห์รา ข้าวเกรียบ รสปลา 85 ก.', 30, '26.00', '36.00', 'ข้าวเกรียบ', '', '', 'มโนห์รา ข้าวเกรียบ รสปลา 85 ก..jpg', '', ''),
(117, 'โลตัส เฟรนด์ ขนมสาหร่ายแท่ง รสเผ็ด', 'โลตัส เฟรนด์ ขนมสาหร่ายแท่ง รสเผ็ด 50 ก.', 10, '20.00', '24.00', 'สาหร่ายปรุงรส/ เห็ดทอดกรอบปรุงรส', '', '', 'โลตัส เฟรนด์ ขนมสาหร่ายแท่ง รสเผ็ด.jpg', '', ''),
(118, 'มโนราห์ ข้าวเกรียบกุ้ง รสคลาสสิค', 'มโนราห์ ข้าวเกรียบกุ้ง รสคลาสสิค 60 กรัม', 20, '22.00', '32.00', 'ข้าวเกรียบ', '', '', 'มโนราห์ ข้าวเกรียบกุ้ง รสคลาสสิค 60 กรัม.jpg', '', ''),
(119, 'อาริงาโต ข้าวเกรียบปลาหมึก รสดั้งเดิม ', 'อาริงาโต ข้าวเกรียบปลาหมึก รสดั้งเดิม ขนาด 65 กรัม', 20, '22.00', '32.00', 'ข้าวเกรียบ', '', '', 'อาริงาโต ข้าวเกรียบปลาหมึก รสดั้งเดิม ขนาด 65 กรัม.jpg', '', ''),
(120, 'คาลบี้ ข้าวเกรียบกุ้ง รสพริกไทยดำ', 'คาลบี้ ข้าวเกรียบกุ้ง รสพริกไทยดำ ขนาด 68 กรัม', 20, '18.00', '28.00', 'ข้าวเกรียบ', '', '', 'คาลบี้ ข้าวเกรียบกุ้ง รสพริกไทยดำ ขนาด 68 กรัม.jpg', '', '');

-- --------------------------------------------------------

--
-- Table structure for table `status`
--

CREATE TABLE `status` (
  `status_id` int(11) NOT NULL,
  `status_title` text NOT NULL
) ENGINE=InnoDB DEFAULT CHARSET=utf8mb4;

--
-- Dumping data for table `status`
--

INSERT INTO `status` (`status_id`, `status_title`) VALUES
(1, 'รอจัดส่ง'),
(2, 'จัดส่งแล้ว');

-- --------------------------------------------------------

--
-- Table structure for table `tb_login`
--

CREATE TABLE `tb_login` (
  `login_id` int(11) UNSIGNED NOT NULL,
  `login_username` varchar(100) COLLATE utf8_unicode_ci NOT NULL,
  `login_password` varchar(100) COLLATE utf8_unicode_ci NOT NULL,
  `login_email` varchar(50) COLLATE utf8_unicode_ci NOT NULL,
  `firstname` varchar(100) COLLATE utf8_unicode_ci NOT NULL,
  `lastname` varchar(100) COLLATE utf8_unicode_ci NOT NULL,
  `login_status` enum('admin','user') COLLATE utf8_unicode_ci NOT NULL DEFAULT 'user',
  `date_add` timestamp NOT NULL DEFAULT current_timestamp()
) ENGINE=InnoDB DEFAULT CHARSET=utf8 COLLATE=utf8_unicode_ci;

--
-- Dumping data for table `tb_login`
--

INSERT INTO `tb_login` (`login_id`, `login_username`, `login_password`, `login_email`, `firstname`, `lastname`, `login_status`, `date_add`) VALUES
(1, 'admin', '96f722e13b692ecf2b877c13fa9b5cd2885484842ad5b89250fd767cee352245', 'root@root.com', 'super', 'super', 'admin', '2019-10-20 09:06:12'),
(115, 'flame', '64c7e936b88cf180f26f46507e598bb31bb914cf6498aacab07735d93d2e6363', 'flame@hotmail.com', 'Weerayut', 'Buaphet', 'user', '2018-10-17 15:52:35'),
(119, 'darksoft', '164b4d4af652de0d23519cb30818853dccd57d5bb1c7e361256f58d122a671a2', 'guitar_dark_soft@hotmail.com', 'จักรกฤษ', 'ทาอภัย', 'user', '2018-10-17 21:22:41'),
(120, 'tar', '32e919128a49384f0cf139077c5876c231556999b4f9b26d30aa0a6e817de01e', 'guitardarksoft@gmail.com', 'Chakkrit', 'Tha-aphai', 'user', '2019-10-19 18:47:01'),
(122, 'user', '96f722e13b692ecf2b877c13fa9b5cd2885484842ad5b89250fd767cee352245', 'Jaidee@user.com', 'เด็กชายใจดี', '', 'user', '2019-10-20 08:53:28'),
(125, 'user2', '96f722e13b692ecf2b877c13fa9b5cd2885484842ad5b89250fd767cee352245', 'non@non.com', 'Non', 'Pongpitak', 'user', '2019-10-21 07:18:56'),
(127, 'adminnon', '96f722e13b692ecf2b877c13fa9b5cd2885484842ad5b89250fd767cee352245', 'non1@non1.com', 'Pongsakorn', 'Pitakkanitkul', 'admin', '2019-10-21 08:01:38'),
(128, 'isamude203', '47baecd0a8a381803b5d6bcef2800d4d9dea4f8222583a36b2827de3995683d8', 'isamude_@live.com', 'wuttipong', 'sootlek', 'admin', '2019-10-21 08:19:20');

--
-- Indexes for dumped tables
--

--
-- Indexes for table `categories`
--
ALTER TABLE `categories`
  ADD PRIMARY KEY (`cat_id`);

--
-- Indexes for table `logs`
--
ALTER TABLE `logs`
  ADD PRIMARY KEY (`log_id`);

--
-- Indexes for table `order2`
--
ALTER TABLE `order2`
  ADD PRIMARY KEY (`order_id`);

--
-- Indexes for table `order_details`
--
ALTER TABLE `order_details`
  ADD PRIMARY KEY (`order_details_id`);

--
-- Indexes for table `products`
--
ALTER TABLE `products`
  ADD PRIMARY KEY (`prod_id`);

--
-- Indexes for table `status`
--
ALTER TABLE `status`
  ADD PRIMARY KEY (`status_id`);

--
-- Indexes for table `tb_login`
--
ALTER TABLE `tb_login`
  ADD PRIMARY KEY (`login_id`),
  ADD UNIQUE KEY `login_username` (`login_username`),
  ADD UNIQUE KEY `login_email` (`login_email`);

--
-- AUTO_INCREMENT for dumped tables
--

--
-- AUTO_INCREMENT for table `categories`
--
ALTER TABLE `categories`
  MODIFY `cat_id` int(100) NOT NULL AUTO_INCREMENT, AUTO_INCREMENT=9;

--
-- AUTO_INCREMENT for table `logs`
--
ALTER TABLE `logs`
  MODIFY `log_id` int(11) NOT NULL AUTO_INCREMENT, AUTO_INCREMENT=72;

--
-- AUTO_INCREMENT for table `order2`
--
ALTER TABLE `order2`
  MODIFY `order_id` int(11) NOT NULL AUTO_INCREMENT, AUTO_INCREMENT=33;

--
-- AUTO_INCREMENT for table `order_details`
--
ALTER TABLE `order_details`
  MODIFY `order_details_id` int(11) NOT NULL AUTO_INCREMENT, AUTO_INCREMENT=28;

--
-- AUTO_INCREMENT for table `products`
--
ALTER TABLE `products`
  MODIFY `prod_id` int(11) NOT NULL AUTO_INCREMENT, AUTO_INCREMENT=121;

--
-- AUTO_INCREMENT for table `status`
--
ALTER TABLE `status`
  MODIFY `status_id` int(11) NOT NULL AUTO_INCREMENT, AUTO_INCREMENT=3;

--
-- AUTO_INCREMENT for table `tb_login`
--
ALTER TABLE `tb_login`
  MODIFY `login_id` int(11) UNSIGNED NOT NULL AUTO_INCREMENT, AUTO_INCREMENT=129;
COMMIT;

/*!40101 SET CHARACTER_SET_CLIENT=@OLD_CHARACTER_SET_CLIENT */;
/*!40101 SET CHARACTER_SET_RESULTS=@OLD_CHARACTER_SET_RESULTS */;
/*!40101 SET COLLATION_CONNECTION=@OLD_COLLATION_CONNECTION */;
